{
  "AT": {
    "xgb_weight": 2.3423716831011165,
    "cnn_weight": 0.0,
    "bias": -3.0523733865553573
  },
  "BG": {
    "xgb_weight": 0.65,
    "cnn_weight": 0.35,
    "bias": 0.0
  },
  "BWBS": {
    "xgb_weight": 1.9689074516758718,
    "cnn_weight": 0.0,
    "bias": -2.9439074604159674
  },
  "CDF": {
    "xgb_weight": 2.7826111593448952,
    "cnn_weight": 0.0,
    "bias": -4.00469861613623
  },
  "CWH": {
    "xgb_weight": 2.7753777360420826,
    "cnn_weight": 0.0,
    "bias": -2.981675801668353
  },
  "ESSF": {
    "xgb_weight": 1.8906159490863819,
    "cnn_weight": 0.0,
    "bias": -2.84363137995676
  },
  "ICH": {
    "xgb_weight": 2.023243271837788,
    "cnn_weight": 0.0,
    "bias": -2.6929039511949484
  },
  "IDF": {
    "xgb_weight": 1.7601980085918272,
    "cnn_weight": 0.0,
    "bias": -2.6548942202861046
  },
  "MH": {
    "xgb_weight": 2.147679712097806,
    "cnn_weight": 0.0,
    "bias": -2.5245085505627047
  },
  "MS": {
    "xgb_weight": 1.7082737476749912,
    "cnn_weight": 0.0,
    "bias": -2.6169499882301137
  },
  "PP": {
    "xgb_weight": 1.9595122288006568,
    "cnn_weight": 0.0,
    "bias": -3.345282205241908
  },
  "SBPS": {
    "xgb_weight": 0.65,
    "cnn_weight": 0.35,
    "bias": 0.0
  },
  "SBS": {
    "xgb_weight": 2.0457846820172882,
    "cnn_weight": 0.0,
    "bias": -2.734199848678583
  },
  "SWB": {
    "xgb_weight": 1.8630729679963063,
    "cnn_weight": 0.0,
    "bias": -2.8252196079790077
  }
}