{
  "AT": {
    "xgb_weight": 1.966510642899474,
    "cnn_weight": 0.0,
    "bias": -2.6878437472951773
  },
  "BG": {
    "xgb_weight": 1.0,
    "cnn_weight": 0.0,
    "bias": 0.0
  },
  "BWBS": {
    "xgb_weight": 1.9486533911913866,
    "cnn_weight": 0.0,
    "bias": -2.7617876623934166
  },
  "CDF": {
    "xgb_weight": 3.2040603904630798,
    "cnn_weight": 0.0,
    "bias": -5.727540534477949
  },
  "CWH": {
    "xgb_weight": 1.7542687008449178,
    "cnn_weight": 0.0,
    "bias": -2.5731462873005033
  },
  "ESSF": {
    "xgb_weight": 1.7703243921985876,
    "cnn_weight": 0.0,
    "bias": -2.9687401048086777
  },
  "ICH": {
    "xgb_weight": 1.6631227401688178,
    "cnn_weight": 0.0,
    "bias": -2.818824955211596
  },
  "IDF": {
    "xgb_weight": 1.8692786264145094,
    "cnn_weight": 0.0,
    "bias": -3.3075707308678437
  },
  "MH": {
    "xgb_weight": 1.731505872392381,
    "cnn_weight": 0.0,
    "bias": -3.218333656318082
  },
  "MS": {
    "xgb_weight": 1.5786557984355436,
    "cnn_weight": 0.0,
    "bias": -2.5139074821957985
  },
  "PP": {
    "xgb_weight": 1.9295399424632151,
    "cnn_weight": 0.0,
    "bias": -4.0343597907124735
  },
  "SBPS": {
    "xgb_weight": 1.0,
    "cnn_weight": 0.0,
    "bias": 0.0
  },
  "SBS": {
    "xgb_weight": 1.53944813135653,
    "cnn_weight": 0.0,
    "bias": -2.343216386684863
  },
  "SWB": {
    "xgb_weight": 2.6345054175401406,
    "cnn_weight": 0.0,
    "bias": -3.762532599569629
  }
}